id,category,true_label,structural_score,semantic_score
0,social_engineering,1,0.0,0.969
1,social_engineering,1,0.0,0.8399
2,social_engineering,1,0.0,0.9044
3,social_engineering,1,0.0,0.8177
4,social_engineering,1,0.0,0.8245
5,social_engineering,1,0.0,0.7695
6,social_engineering,1,0.0,0.5751
7,social_engineering,1,0.0,0.746
8,social_engineering,1,0.0,0.8271
9,social_engineering,1,0.0,0.9411
10,social_engineering,1,0.0,0.8871
11,social_engineering,1,0.0,0.7129
12,social_engineering,1,0.0,0.6288
13,social_engineering,1,0.0,0.7923
14,social_engineering,1,0.0,0.7528
15,social_engineering,1,0.0,0.7904
16,social_engineering,1,0.0,0.7527
17,social_engineering,1,0.0,0.7548
18,social_engineering,1,0.0,0.7281
19,social_engineering,1,0.0,0.8497
20,social_engineering,1,0.0,1.0
21,social_engineering,1,0.0,0.6124
22,social_engineering,1,0.0,0.6618
23,social_engineering,1,0.0,0.72
24,social_engineering,1,0.0,0.7899
25,social_engineering,1,0.0,0.8004
26,social_engineering,1,0.0,0.7852
27,social_engineering,1,0.0,0.1592
28,social_engineering,1,0.0,0.7319
29,social_engineering,1,0.0,0.6807
30,social_engineering,1,0.0,0.7221
31,social_engineering,1,0.0,0.8905
32,social_engineering,1,0.0,0.7436
33,social_engineering,1,0.0,0.708
34,social_engineering,1,0.0,0.7987
35,social_engineering,1,0.0,0.6264
36,social_engineering,1,0.0,0.6917
37,social_engineering,1,0.0,1.0
38,social_engineering,1,0.0,0.7497
39,social_engineering,1,0.0,0.6761
40,social_engineering,1,0.0,0.7458
41,social_engineering,1,0.0,0.7451
42,social_engineering,1,0.0,0.7339
43,social_engineering,1,0.0,0.8713
44,social_engineering,1,0.0,0.9577
45,social_engineering,1,0.0,0.7661
46,social_engineering,1,0.0,0.6755
47,social_engineering,1,0.0,0.9992
48,social_engineering,1,0.0,0.645
49,social_engineering,1,0.0,0.94
50,social_engineering,1,0.0,0.9756
51,social_engineering,1,0.0,0.758
52,social_engineering,1,0.0,0.7619
53,social_engineering,1,0.0,0.8156
54,social_engineering,1,0.0,0.7465
55,social_engineering,1,0.0,0.8116
56,social_engineering,1,0.0,0.8094
57,social_engineering,1,0.0,0.8213
58,social_engineering,1,0.0,0.6753
59,social_engineering,1,0.0,0.638
60,social_engineering,1,0.0,0.9413
61,social_engineering,1,0.0,0.8185
62,social_engineering,1,0.0,0.7393
63,social_engineering,1,0.0,0.8096
64,social_engineering,1,0.0,0.9045
65,social_engineering,1,0.0,0.8016
66,social_engineering,1,0.0,0.8192
67,social_engineering,1,0.0,0.7262
68,social_engineering,1,0.0,0.8344
69,social_engineering,1,0.0,0.63
70,social_engineering,1,0.0,0.9092
71,social_engineering,1,0.0,0.9626
72,social_engineering,1,0.0,0.8316
73,social_engineering,1,0.0,0.6741
74,social_engineering,1,0.0,0.6159
75,social_engineering,1,0.0,0.9417
76,social_engineering,1,0.0,0.8337
77,social_engineering,1,0.0,0.8274
78,social_engineering,1,0.0,0.6235
79,social_engineering,1,0.0,0.7455
80,social_engineering,1,0.0,0.9065
81,social_engineering,1,0.0,0.8973
82,social_engineering,1,0.0,0.6113
83,social_engineering,1,0.0,0.8953
84,social_engineering,1,0.0,0.7219
85,social_engineering,1,0.0,0.8159
86,social_engineering,1,0.0,0.6116
87,social_engineering,1,0.0,0.1599
88,social_engineering,1,0.0,0.8851
89,social_engineering,1,0.0,0.6563
90,social_engineering,1,0.0,0.6846
91,social_engineering,1,0.0,0.9572
92,social_engineering,1,0.0,0.8387
93,social_engineering,1,0.0,0.7091
94,social_engineering,1,0.0,0.8512
95,social_engineering,1,0.0,0.62
96,social_engineering,1,0.0,0.6766
97,social_engineering,1,0.0,0.7131
98,social_engineering,1,0.0,0.6984
99,social_engineering,1,0.0,0.9425
100,social_engineering,1,0.0,0.7293
101,social_engineering,1,0.0,0.8783
102,social_engineering,1,0.0,0.8555
103,social_engineering,1,0.0,0.9311
104,social_engineering,1,0.0,0.6749
105,social_engineering,1,0.0,0.8222
106,social_engineering,1,0.0,0.5686
107,social_engineering,1,0.0,0.7535
108,social_engineering,1,0.0,0.7153
109,social_engineering,1,0.0,0.7485
110,social_engineering,1,0.0,0.8685
111,social_engineering,1,0.0,0.697
112,social_engineering,1,0.0,0.735
113,social_engineering,1,0.0,0.7238
114,social_engineering,1,0.0,0.7987
115,social_engineering,1,0.0,0.6807
116,social_engineering,1,0.0,0.661
117,social_engineering,1,0.0,0.7045
118,social_engineering,1,0.0,0.702
119,social_engineering,1,0.0,0.6271
120,social_engineering,1,0.0,0.8628
121,social_engineering,1,0.0,0.7512
122,social_engineering,1,0.0,0.8737
123,social_engineering,1,0.0,0.8302
124,social_engineering,1,0.0,0.8468
125,social_engineering,1,0.0,0.8409
126,social_engineering,1,0.0,0.7251
127,social_engineering,1,0.0,0.9141
128,social_engineering,1,0.0,0.7861
129,social_engineering,1,0.0,0.8115
130,social_engineering,1,0.0,0.7182
131,social_engineering,1,0.0,0.8367
132,social_engineering,1,0.0,0.8582
133,social_engineering,1,0.0,0.7265
134,social_engineering,1,0.0,0.8396
135,social_engineering,1,0.0,0.8604
136,social_engineering,1,0.0,0.7407
137,social_engineering,1,0.0,0.6834
138,social_engineering,1,0.0,0.8959
139,social_engineering,1,0.0,0.7324
140,social_engineering,1,0.0,0.7491
141,social_engineering,1,0.0,0.7996
142,social_engineering,1,0.0,0.8892
143,social_engineering,1,0.0,0.7634
144,social_engineering,1,0.0,0.6743
145,social_engineering,1,0.0,0.7652
146,social_engineering,1,0.0,0.7872
147,social_engineering,1,0.0,0.7229
148,social_engineering,1,0.0,0.7199
149,social_engineering,1,0.0,0.7248
150,social_engineering,0,0.0,0.1884
151,social_engineering,0,0.0,0.1706
152,social_engineering,0,0.0,0.1541
153,social_engineering,0,0.0,0.2352
154,social_engineering,0,0.0,0.1692
155,social_engineering,0,0.0,0.2355
156,social_engineering,0,0.0,0.1486
157,social_engineering,0,0.0,0.2225
158,social_engineering,0,0.0,0.2324
159,social_engineering,0,0.0,0.1887
160,social_engineering,0,0.0,0.267
161,social_engineering,0,0.0,0.115
162,social_engineering,0,0.0,0.3396
163,social_engineering,0,0.0,0.1764
164,social_engineering,0,0.0,0.2378
165,social_engineering,0,0.0,0.2472
166,social_engineering,0,0.0,0.239
167,social_engineering,0,0.0,0.2015
168,social_engineering,0,0.0,0.2339
169,social_engineering,0,0.0,0.1855
170,social_engineering,0,0.0,0.1866
171,social_engineering,0,0.0,0.2055
172,social_engineering,0,0.0,0.2059
173,social_engineering,0,0.0,0.2006
174,social_engineering,0,0.0,0.178
175,social_engineering,0,0.0,0.1824
176,social_engineering,0,0.0,0.3139
177,social_engineering,0,0.0,0.186
178,social_engineering,0,0.0,0.2657
179,social_engineering,0,0.0,0.1341
180,social_engineering,0,0.0,0.2462
181,social_engineering,0,0.0,0.1617
182,social_engineering,0,0.0,0.2387
183,social_engineering,0,0.0,0.1488
184,social_engineering,0,0.0,0.1883
185,social_engineering,0,0.0,0.1655
186,social_engineering,0,0.0,0.2662
187,social_engineering,0,0.0,0.1948
188,social_engineering,0,0.0,0.2402
189,social_engineering,0,0.0,0.2131
190,social_engineering,0,0.0,0.1149
191,social_engineering,0,0.0,0.123
192,social_engineering,0,0.0,0.0902
193,social_engineering,0,0.0,0.3069
194,social_engineering,0,0.0,0.2897
195,social_engineering,0,0.0,0.3027
196,social_engineering,0,0.0,0.2629
197,social_engineering,0,0.0,0.1152
198,social_engineering,0,0.0,0.3436
199,social_engineering,0,0.0,0.1526
200,social_engineering,0,0.0,0.2353
201,social_engineering,0,0.0,0.1398
202,social_engineering,0,0.0,0.1877
203,social_engineering,0,0.0,0.2531
204,social_engineering,0,0.0,0.1711
205,social_engineering,0,0.0,0.1931
206,social_engineering,0,0.0,0.2269
207,social_engineering,0,0.0,0.3112
208,social_engineering,0,0.0,0.1899
209,social_engineering,0,0.0,0.2585
210,social_engineering,0,0.0,0.191
211,social_engineering,0,0.0,0.1699
212,social_engineering,0,0.0,0.1818
213,social_engineering,0,0.0,0.2257
214,social_engineering,0,0.0,0.1883
215,social_engineering,0,0.0,0.2194
216,social_engineering,0,0.0,0.1463
217,social_engineering,0,0.0,0.2299
218,social_engineering,0,0.0,0.1056
219,social_engineering,0,0.0,0.1612
220,social_engineering,0,0.0,0.2861
221,social_engineering,0,0.0,0.1804
222,social_engineering,0,0.0,0.2248
223,social_engineering,0,0.0,0.1377
224,social_engineering,0,0.0,0.1949
225,social_engineering,0,0.0,0.2348
226,social_engineering,0,0.0,0.2209
227,social_engineering,0,0.0,0.1573
228,social_engineering,0,0.0,0.2341
229,social_engineering,0,0.0,0.1786
230,social_engineering,0,0.0,0.1694
231,social_engineering,0,0.0,0.143
232,social_engineering,0,0.0,0.201
233,social_engineering,0,0.0,0.2225
234,social_engineering,0,0.0,0.1426
235,social_engineering,0,0.0,0.1737
236,social_engineering,0,0.0,0.1666
237,social_engineering,0,0.0,0.2085
238,social_engineering,0,0.0,0.178
239,social_engineering,0,0.0,0.1911
240,social_engineering,0,0.0,0.0783
241,social_engineering,0,0.0,0.1607
242,social_engineering,0,0.0,0.2239
243,social_engineering,0,0.0,0.203
244,social_engineering,0,0.0,0.3238
245,social_engineering,0,0.0,0.2066
246,social_engineering,0,0.0,0.2732
247,social_engineering,0,0.0,0.228
248,social_engineering,0,0.0,0.1472
249,social_engineering,0,0.0,0.1157
250,social_engineering,0,0.0,0.3265
251,social_engineering,0,0.0,0.2329
252,social_engineering,0,0.0,0.2519
253,social_engineering,0,0.0,0.2694
254,social_engineering,0,0.0,0.2661
255,social_engineering,0,0.0,0.1731
256,social_engineering,0,0.0,0.2435
257,social_engineering,0,0.0,0.118
258,social_engineering,0,0.0,0.362
259,social_engineering,0,0.0,0.262
260,social_engineering,0,0.0,0.2987
261,social_engineering,0,0.0,0.3033
262,social_engineering,0,0.0,0.2708
263,social_engineering,0,0.0,0.1604
264,social_engineering,0,0.0,0.2773
265,social_engineering,0,0.0,0.2872
266,social_engineering,0,0.0,0.1482
267,social_engineering,0,0.0,0.1469
268,social_engineering,0,0.0,0.2073
269,social_engineering,0,0.0,0.259
270,social_engineering,0,0.0,0.2362
271,social_engineering,0,0.0,0.3002
272,social_engineering,0,0.0,0.1635
273,social_engineering,0,0.0,0.2401
274,social_engineering,0,0.0,0.2144
275,social_engineering,0,0.0,0.3512
276,social_engineering,0,0.0,0.252
277,social_engineering,0,0.0,0.1618
278,social_engineering,0,0.0,0.1668
279,social_engineering,0,0.0,0.2027
280,social_engineering,0,0.0,0.1094
281,social_engineering,0,0.0,0.183
282,social_engineering,0,0.0,0.1799
283,social_engineering,0,0.0,0.2244
284,social_engineering,0,0.0,0.1751
285,social_engineering,0,0.0,0.0939
286,social_engineering,0,0.0,0.1538
287,social_engineering,0,0.0,0.2784
288,social_engineering,0,0.0,0.1612
289,social_engineering,0,0.0,0.2625
290,social_engineering,0,0.0,0.1368
291,social_engineering,0,0.0,0.1644
292,social_engineering,0,0.0,0.1485
293,social_engineering,0,0.0,0.2386
294,social_engineering,0,0.0,0.1813
295,social_engineering,0,0.0,0.194
296,social_engineering,0,0.0,0.1754
297,social_engineering,0,0.0,0.1866
298,social_engineering,0,0.0,0.2311
299,social_engineering,0,0.0,0.1617
300,tool_hijacking,1,1.0,0.1609
301,tool_hijacking,1,1.0,0.203
302,tool_hijacking,1,1.0,0.1598
303,tool_hijacking,1,1.0,0.2081
304,tool_hijacking,1,1.0,0.2475
305,tool_hijacking,1,1.0,0.2488
306,tool_hijacking,1,1.0,0.1092
307,tool_hijacking,1,1.0,0.166
308,tool_hijacking,1,1.0,0.1724
309,tool_hijacking,1,1.0,0.1838
310,tool_hijacking,1,1.0,0.1844
311,tool_hijacking,1,1.0,0.1491
312,tool_hijacking,1,1.0,0.1433
313,tool_hijacking,1,1.0,0.1347
314,tool_hijacking,1,1.0,0.1557
315,tool_hijacking,1,1.0,0.1784
316,tool_hijacking,1,1.0,0.2055
317,tool_hijacking,1,1.0,0.2104
318,tool_hijacking,1,1.0,0.1749
319,tool_hijacking,1,1.0,0.1225
320,tool_hijacking,1,1.0,0.1204
321,tool_hijacking,1,1.0,0.1219
322,tool_hijacking,1,1.0,0.0823
323,tool_hijacking,1,1.0,0.1336
324,tool_hijacking,1,1.0,0.1563
325,tool_hijacking,1,1.0,0.1799
326,tool_hijacking,1,1.0,0.269
327,tool_hijacking,1,1.0,0.2554
328,tool_hijacking,1,1.0,0.2987
329,tool_hijacking,1,1.0,0.1623
330,tool_hijacking,1,1.0,0.1568
331,tool_hijacking,1,1.0,0.1213
332,tool_hijacking,1,1.0,0.1582
333,tool_hijacking,1,1.0,0.1732
334,tool_hijacking,1,1.0,0.2467
335,tool_hijacking,1,1.0,0.2543
336,tool_hijacking,1,1.0,0.1658
337,tool_hijacking,1,1.0,0.1625
338,tool_hijacking,1,1.0,0.2465
339,tool_hijacking,1,1.0,0.2967
340,tool_hijacking,1,1.0,0.1973
341,tool_hijacking,1,1.0,0.121
342,tool_hijacking,1,1.0,0.2719
343,tool_hijacking,1,1.0,0.2243
344,tool_hijacking,1,1.0,0.1541
345,tool_hijacking,1,1.0,0.192
346,tool_hijacking,1,1.0,0.1631
347,tool_hijacking,1,1.0,0.133
348,tool_hijacking,1,1.0,0.1185
349,tool_hijacking,1,1.0,0.1641
350,tool_hijacking,1,1.0,0.1882
351,tool_hijacking,1,1.0,0.1175
352,tool_hijacking,1,1.0,0.3194
353,tool_hijacking,1,1.0,0.224
354,tool_hijacking,1,1.0,0.1424
355,tool_hijacking,1,1.0,0.0916
356,tool_hijacking,1,1.0,0.1433
357,tool_hijacking,1,1.0,0.2343
358,tool_hijacking,1,1.0,0.2179
359,tool_hijacking,1,1.0,0.2317
360,tool_hijacking,1,1.0,0.2673
361,tool_hijacking,1,1.0,0.2851
362,tool_hijacking,1,1.0,0.1625
363,tool_hijacking,1,1.0,0.1225
364,tool_hijacking,1,1.0,0.2123
365,tool_hijacking,1,1.0,0.186
366,tool_hijacking,1,1.0,0.1744
367,tool_hijacking,1,1.0,0.2077
368,tool_hijacking,1,1.0,0.1834
369,tool_hijacking,1,1.0,0.1657
370,tool_hijacking,1,1.0,0.2844
371,tool_hijacking,1,1.0,0.2423
372,tool_hijacking,1,1.0,0.2276
373,tool_hijacking,1,1.0,0.1538
374,tool_hijacking,1,1.0,0.1924
375,tool_hijacking,1,1.0,0.2042
376,tool_hijacking,1,1.0,0.1113
377,tool_hijacking,1,1.0,0.2806
378,tool_hijacking,1,1.0,0.1816
379,tool_hijacking,1,1.0,0.248
380,tool_hijacking,1,1.0,0.1695
381,tool_hijacking,1,1.0,0.2616
382,tool_hijacking,1,1.0,0.2367
383,tool_hijacking,1,1.0,0.1292
384,tool_hijacking,1,1.0,0.0611
385,tool_hijacking,1,1.0,0.1789
386,tool_hijacking,1,1.0,0.2551
387,tool_hijacking,1,1.0,0.1956
388,tool_hijacking,1,1.0,0.1844
389,tool_hijacking,1,1.0,0.2165
390,tool_hijacking,1,1.0,0.1229
391,tool_hijacking,1,1.0,0.1399
392,tool_hijacking,1,1.0,0.1819
393,tool_hijacking,1,1.0,0.159
394,tool_hijacking,1,1.0,0.1315
395,tool_hijacking,1,1.0,0.2573
396,tool_hijacking,1,1.0,0.1224
397,tool_hijacking,1,1.0,0.1974
398,tool_hijacking,1,1.0,0.0629
399,tool_hijacking,1,1.0,0.0987
400,tool_hijacking,1,1.0,0.1318
401,tool_hijacking,1,1.0,0.2534
402,tool_hijacking,1,1.0,0.1929
403,tool_hijacking,1,1.0,0.209
404,tool_hijacking,1,1.0,0.19
405,tool_hijacking,1,1.0,0.1354
406,tool_hijacking,1,1.0,0.0814
407,tool_hijacking,1,1.0,0.0
408,tool_hijacking,1,1.0,0.162
409,tool_hijacking,1,1.0,0.0901
410,tool_hijacking,1,1.0,0.1758
411,tool_hijacking,1,1.0,0.1635
412,tool_hijacking,1,1.0,0.1257
413,tool_hijacking,1,1.0,0.202
414,tool_hijacking,1,1.0,0.1728
415,tool_hijacking,1,1.0,0.1736
416,tool_hijacking,1,1.0,0.305
417,tool_hijacking,1,1.0,0.1741
418,tool_hijacking,1,1.0,0.2119
419,tool_hijacking,1,1.0,0.1757
420,tool_hijacking,1,1.0,0.2275
421,tool_hijacking,1,1.0,0.1238
422,tool_hijacking,1,1.0,0.1601
423,tool_hijacking,1,1.0,0.2066
424,tool_hijacking,1,1.0,0.1738
425,tool_hijacking,1,1.0,0.1322
426,tool_hijacking,1,1.0,0.2088
427,tool_hijacking,1,1.0,0.256
428,tool_hijacking,1,1.0,0.076
429,tool_hijacking,1,1.0,0.1787
430,tool_hijacking,1,1.0,0.0712
431,tool_hijacking,1,1.0,0.2045
432,tool_hijacking,1,1.0,0.2765
433,tool_hijacking,1,1.0,0.2101
434,tool_hijacking,1,1.0,0.1815
435,tool_hijacking,1,1.0,0.2682
436,tool_hijacking,1,1.0,0.2348
437,tool_hijacking,1,1.0,0.1255
438,tool_hijacking,1,1.0,0.1994
439,tool_hijacking,1,1.0,0.1809
440,tool_hijacking,1,1.0,0.1549
441,tool_hijacking,1,1.0,0.2222
442,tool_hijacking,1,1.0,0.3097
443,tool_hijacking,1,1.0,0.1183
444,tool_hijacking,1,1.0,0.2564
445,tool_hijacking,1,1.0,0.1921
446,tool_hijacking,1,1.0,0.2362
447,tool_hijacking,1,1.0,0.1993
448,tool_hijacking,1,1.0,0.2367
449,tool_hijacking,1,1.0,0.1218
450,tool_hijacking,0,0.0,0.1884
451,tool_hijacking,0,0.0,0.1706
452,tool_hijacking,0,0.0,0.1541
453,tool_hijacking,0,0.0,0.2352
454,tool_hijacking,0,0.0,0.1692
455,tool_hijacking,0,0.0,0.2355
456,tool_hijacking,0,0.0,0.1486
457,tool_hijacking,0,0.0,0.2225
458,tool_hijacking,0,0.0,0.2324
459,tool_hijacking,0,0.0,0.1887
460,tool_hijacking,0,0.0,0.267
461,tool_hijacking,0,0.0,0.115
462,tool_hijacking,0,0.0,0.3396
463,tool_hijacking,0,0.0,0.1764
464,tool_hijacking,0,0.0,0.2378
465,tool_hijacking,0,0.0,0.2472
466,tool_hijacking,0,0.0,0.239
467,tool_hijacking,0,0.0,0.2015
468,tool_hijacking,0,0.0,0.2339
469,tool_hijacking,0,0.0,0.1855
470,tool_hijacking,0,0.0,0.1866
471,tool_hijacking,0,0.0,0.2055
472,tool_hijacking,0,0.0,0.2059
473,tool_hijacking,0,0.0,0.2006
474,tool_hijacking,0,0.0,0.178
475,tool_hijacking,0,0.0,0.1824
476,tool_hijacking,0,0.0,0.3139
477,tool_hijacking,0,0.0,0.186
478,tool_hijacking,0,0.0,0.2657
479,tool_hijacking,0,0.0,0.1341
480,tool_hijacking,0,0.0,0.2462
481,tool_hijacking,0,0.0,0.1617
482,tool_hijacking,0,0.0,0.2387
483,tool_hijacking,0,0.0,0.1488
484,tool_hijacking,0,0.0,0.1883
485,tool_hijacking,0,0.0,0.1655
486,tool_hijacking,0,0.0,0.2662
487,tool_hijacking,0,0.0,0.1948
488,tool_hijacking,0,0.0,0.2402
489,tool_hijacking,0,0.0,0.2131
490,tool_hijacking,0,0.0,0.1149
491,tool_hijacking,0,0.0,0.123
492,tool_hijacking,0,0.0,0.0902
493,tool_hijacking,0,0.0,0.3069
494,tool_hijacking,0,0.0,0.2897
495,tool_hijacking,0,0.0,0.3027
496,tool_hijacking,0,0.0,0.2629
497,tool_hijacking,0,0.0,0.1152
498,tool_hijacking,0,0.0,0.3436
499,tool_hijacking,0,0.0,0.1526
500,tool_hijacking,0,0.0,0.2353
501,tool_hijacking,0,0.0,0.1398
502,tool_hijacking,0,0.0,0.1877
503,tool_hijacking,0,0.0,0.2531
504,tool_hijacking,0,0.0,0.1711
505,tool_hijacking,0,0.0,0.1931
506,tool_hijacking,0,0.0,0.2269
507,tool_hijacking,0,0.0,0.3112
508,tool_hijacking,0,0.0,0.1899
509,tool_hijacking,0,0.0,0.2585
510,tool_hijacking,0,0.0,0.191
511,tool_hijacking,0,0.0,0.1699
512,tool_hijacking,0,0.0,0.1818
513,tool_hijacking,0,0.0,0.2257
514,tool_hijacking,0,0.0,0.1883
515,tool_hijacking,0,0.0,0.2194
516,tool_hijacking,0,0.0,0.1463
517,tool_hijacking,0,0.0,0.2299
518,tool_hijacking,0,0.0,0.1056
519,tool_hijacking,0,0.0,0.1612
520,tool_hijacking,0,0.0,0.2861
521,tool_hijacking,0,0.0,0.1804
522,tool_hijacking,0,0.0,0.2248
523,tool_hijacking,0,0.0,0.1377
524,tool_hijacking,0,0.0,0.1949
525,tool_hijacking,0,0.0,0.2348
526,tool_hijacking,0,0.0,0.2209
527,tool_hijacking,0,0.0,0.1573
528,tool_hijacking,0,0.0,0.2341
529,tool_hijacking,0,0.0,0.1786
530,tool_hijacking,0,0.0,0.1694
531,tool_hijacking,0,0.0,0.143
532,tool_hijacking,0,0.0,0.201
533,tool_hijacking,0,0.0,0.2225
534,tool_hijacking,0,0.0,0.1426
535,tool_hijacking,0,0.0,0.1737
536,tool_hijacking,0,0.0,0.1666
537,tool_hijacking,0,0.0,0.2085
538,tool_hijacking,0,0.0,0.178
539,tool_hijacking,0,0.0,0.1911
540,tool_hijacking,0,0.0,0.0783
541,tool_hijacking,0,0.0,0.1607
542,tool_hijacking,0,0.0,0.2239
543,tool_hijacking,0,0.0,0.203
544,tool_hijacking,0,0.0,0.3238
545,tool_hijacking,0,0.0,0.2066
546,tool_hijacking,0,0.0,0.2732
547,tool_hijacking,0,0.0,0.228
548,tool_hijacking,0,0.0,0.1472
549,tool_hijacking,0,0.0,0.1157
550,tool_hijacking,0,0.0,0.3265
551,tool_hijacking,0,0.0,0.2329
552,tool_hijacking,0,0.0,0.2519
553,tool_hijacking,0,0.0,0.2694
554,tool_hijacking,0,0.0,0.2661
555,tool_hijacking,0,0.0,0.1731
556,tool_hijacking,0,0.0,0.2435
557,tool_hijacking,0,0.0,0.118
558,tool_hijacking,0,0.0,0.362
559,tool_hijacking,0,0.0,0.262
560,tool_hijacking,0,0.0,0.2987
561,tool_hijacking,0,0.0,0.3033
562,tool_hijacking,0,0.0,0.2708
563,tool_hijacking,0,0.0,0.1604
564,tool_hijacking,0,0.0,0.2773
565,tool_hijacking,0,0.0,0.2872
566,tool_hijacking,0,0.0,0.1482
567,tool_hijacking,0,0.0,0.1469
568,tool_hijacking,0,0.0,0.2073
569,tool_hijacking,0,0.0,0.259
570,tool_hijacking,0,0.0,0.2362
571,tool_hijacking,0,0.0,0.3002
572,tool_hijacking,0,0.0,0.1635
573,tool_hijacking,0,0.0,0.2401
574,tool_hijacking,0,0.0,0.2144
575,tool_hijacking,0,0.0,0.3512
576,tool_hijacking,0,0.0,0.252
577,tool_hijacking,0,0.0,0.1618
578,tool_hijacking,0,0.0,0.1668
579,tool_hijacking,0,0.0,0.2027
580,tool_hijacking,0,0.0,0.1094
581,tool_hijacking,0,0.0,0.183
582,tool_hijacking,0,0.0,0.1799
583,tool_hijacking,0,0.0,0.2244
584,tool_hijacking,0,0.0,0.1751
585,tool_hijacking,0,0.0,0.0939
586,tool_hijacking,0,0.0,0.1538
587,tool_hijacking,0,0.0,0.2784
588,tool_hijacking,0,0.0,0.1612
589,tool_hijacking,0,0.0,0.2625
590,tool_hijacking,0,0.0,0.1368
591,tool_hijacking,0,0.0,0.1644
592,tool_hijacking,0,0.0,0.1485
593,tool_hijacking,0,0.0,0.2386
594,tool_hijacking,0,0.0,0.1813
595,tool_hijacking,0,0.0,0.194
596,tool_hijacking,0,0.0,0.1754
597,tool_hijacking,0,0.0,0.1866
598,tool_hijacking,0,0.0,0.2311
599,tool_hijacking,0,0.0,0.1617
600,unknown,1,1.0,0.1617
601,unknown,1,1.0,0.2574
602,unknown,1,1.0,0.1957
603,unknown,1,1.0,0.2231
604,unknown,1,1.0,0.2372
605,unknown,1,1.0,0.2208
606,unknown,1,1.0,0.2809
607,unknown,1,1.0,0.1519
608,unknown,1,1.0,0.3144
609,unknown,1,1.0,0.2007
610,unknown,1,1.0,0.2393
611,unknown,1,1.0,0.2156
612,unknown,1,1.0,0.1692
613,unknown,1,1.0,0.2488
614,unknown,1,1.0,0.2633
615,unknown,1,1.0,0.1106
616,unknown,1,1.0,0.2267
617,unknown,1,1.0,0.2752
618,unknown,1,1.0,0.2709
619,unknown,1,1.0,0.1913
620,unknown,1,1.0,0.2027
621,unknown,1,1.0,0.2647
622,unknown,1,1.0,0.1409
623,unknown,1,1.0,0.1831
624,unknown,1,1.0,0.2043
625,unknown,1,1.0,0.1792
626,unknown,1,1.0,0.2524
627,unknown,1,1.0,0.3237
628,unknown,1,1.0,0.1704
629,unknown,1,1.0,0.1761
630,unknown,1,1.0,0.136
631,unknown,1,1.0,0.1788
632,unknown,1,1.0,0.3059
633,unknown,1,1.0,0.2093
634,unknown,1,1.0,0.1958
635,unknown,1,1.0,0.1768
636,unknown,1,1.0,0.2602
637,unknown,1,1.0,0.2331
638,unknown,1,1.0,0.2267
639,unknown,1,1.0,0.2293
640,unknown,1,1.0,0.1574
641,unknown,1,1.0,0.2453
642,unknown,1,1.0,0.1817
643,unknown,1,1.0,0.1708
644,unknown,1,1.0,0.1797
645,unknown,1,1.0,0.1795
646,unknown,1,1.0,0.2394
647,unknown,1,1.0,0.3304
648,unknown,1,1.0,0.2531
649,unknown,1,1.0,0.1939
650,unknown,1,1.0,0.2923
651,unknown,1,1.0,0.2364
652,unknown,1,1.0,0.1741
653,unknown,1,1.0,0.2104
654,unknown,1,1.0,0.1887
655,unknown,1,1.0,0.2027
656,unknown,1,1.0,0.1561
657,unknown,1,1.0,0.1618
658,unknown,1,1.0,0.1952
659,unknown,1,1.0,0.2975
660,unknown,1,1.0,0.1888
661,unknown,1,1.0,0.1905
662,unknown,1,1.0,0.3242
663,unknown,1,1.0,0.2074
664,unknown,1,1.0,0.1728
665,unknown,1,1.0,0.1319
666,unknown,1,1.0,0.3323
667,unknown,1,1.0,0.1711
668,unknown,1,1.0,0.2793
669,unknown,1,1.0,0.2424
670,unknown,1,1.0,0.1911
671,unknown,1,1.0,0.146
672,unknown,1,1.0,0.1624
673,unknown,1,1.0,0.2607
674,unknown,1,1.0,0.2164
675,unknown,1,1.0,0.2401
676,unknown,1,1.0,0.2497
677,unknown,1,1.0,0.2801
678,unknown,1,1.0,0.1721
679,unknown,1,1.0,0.2753
680,unknown,1,1.0,0.2043
681,unknown,1,1.0,0.2442
682,unknown,1,1.0,0.2129
683,unknown,1,1.0,0.3116
684,unknown,1,1.0,0.1462
685,unknown,1,1.0,0.2342
686,unknown,1,1.0,0.2475
687,unknown,1,1.0,0.1833
688,unknown,1,1.0,0.2039
689,unknown,1,1.0,0.2047
690,unknown,1,1.0,0.2383
691,unknown,1,1.0,0.2859
692,unknown,1,1.0,0.2499
693,unknown,1,1.0,0.2206
694,unknown,1,1.0,0.1576
695,unknown,1,1.0,0.1629
696,unknown,1,1.0,0.3165
697,unknown,1,1.0,0.2577
698,unknown,1,1.0,0.2363
699,unknown,1,1.0,0.1636
700,unknown,1,1.0,0.318
701,unknown,1,1.0,0.1368
702,unknown,1,1.0,0.2029
703,unknown,1,1.0,0.1676
704,unknown,1,1.0,0.181
705,unknown,1,1.0,0.2441
706,unknown,1,1.0,0.2128
707,unknown,1,1.0,0.0968
708,unknown,1,1.0,0.2102
709,unknown,1,1.0,0.2704
710,unknown,1,1.0,0.2049
711,unknown,1,1.0,0.2355
712,unknown,1,1.0,0.2062
713,unknown,1,1.0,0.2468
714,unknown,1,1.0,0.1685
715,unknown,1,1.0,0.1703
716,unknown,1,1.0,0.1469
717,unknown,1,1.0,0.1343
718,unknown,1,1.0,0.2442
719,unknown,1,1.0,0.1969
720,unknown,1,1.0,0.2169
721,unknown,1,1.0,0.2338
722,unknown,1,1.0,0.2706
723,unknown,1,1.0,0.2675
724,unknown,1,1.0,0.132
725,unknown,1,1.0,0.2112
726,unknown,1,1.0,0.2038
727,unknown,1,1.0,0.1805
728,unknown,1,1.0,0.1828
729,unknown,1,1.0,0.2124
730,unknown,1,1.0,0.2056
731,unknown,1,1.0,0.1753
732,unknown,1,1.0,0.1944
733,unknown,1,1.0,0.1933
734,unknown,1,1.0,0.1474
735,unknown,1,1.0,0.1304
736,unknown,1,1.0,0.1846
737,unknown,1,1.0,0.1842
738,unknown,1,1.0,0.2409
739,unknown,1,1.0,0.3232
740,unknown,1,1.0,0.1944
741,unknown,1,1.0,0.1317
742,unknown,1,1.0,0.1751
743,unknown,1,1.0,0.2773
744,unknown,1,1.0,0.1693
745,unknown,1,1.0,0.2269
746,unknown,1,1.0,0.2239
747,unknown,1,1.0,0.1975
748,unknown,1,1.0,0.1626
749,unknown,1,1.0,0.2285
750,unknown,0,0.0,0.1884
751,unknown,0,0.0,0.1706
752,unknown,0,0.0,0.1541
753,unknown,0,0.0,0.2352
754,unknown,0,0.0,0.1692
755,unknown,0,0.0,0.2355
756,unknown,0,0.0,0.1486
757,unknown,0,0.0,0.2225
758,unknown,0,0.0,0.2324
759,unknown,0,0.0,0.1887
760,unknown,0,0.0,0.267
761,unknown,0,0.0,0.115
762,unknown,0,0.0,0.3396
763,unknown,0,0.0,0.1764
764,unknown,0,0.0,0.2378
765,unknown,0,0.0,0.2472
766,unknown,0,0.0,0.239
767,unknown,0,0.0,0.2015
768,unknown,0,0.0,0.2339
769,unknown,0,0.0,0.1855
770,unknown,0,0.0,0.1866
771,unknown,0,0.0,0.2055
772,unknown,0,0.0,0.2059
773,unknown,0,0.0,0.2006
774,unknown,0,0.0,0.178
775,unknown,0,0.0,0.1824
776,unknown,0,0.0,0.3139
777,unknown,0,0.0,0.186
778,unknown,0,0.0,0.2657
779,unknown,0,0.0,0.1341
780,unknown,0,0.0,0.2462
781,unknown,0,0.0,0.1617
782,unknown,0,0.0,0.2387
783,unknown,0,0.0,0.1488
784,unknown,0,0.0,0.1883
785,unknown,0,0.0,0.1655
786,unknown,0,0.0,0.2662
787,unknown,0,0.0,0.1948
788,unknown,0,0.0,0.2402
789,unknown,0,0.0,0.2131
790,unknown,0,0.0,0.1149
791,unknown,0,0.0,0.123
792,unknown,0,0.0,0.0902
793,unknown,0,0.0,0.3069
794,unknown,0,0.0,0.2897
795,unknown,0,0.0,0.3027
796,unknown,0,0.0,0.2629
797,unknown,0,0.0,0.1152
798,unknown,0,0.0,0.3436
799,unknown,0,0.0,0.1526
800,unknown,0,0.0,0.2353
801,unknown,0,0.0,0.1398
802,unknown,0,0.0,0.1877
803,unknown,0,0.0,0.2531
804,unknown,0,0.0,0.1711
805,unknown,0,0.0,0.1931
806,unknown,0,0.0,0.2269
807,unknown,0,0.0,0.3112
808,unknown,0,0.0,0.1899
809,unknown,0,0.0,0.2585
810,unknown,0,0.0,0.191
811,unknown,0,0.0,0.1699
812,unknown,0,0.0,0.1818
813,unknown,0,0.0,0.2257
814,unknown,0,0.0,0.1883
815,unknown,0,0.0,0.2194
816,unknown,0,0.0,0.1463
817,unknown,0,0.0,0.2299
818,unknown,0,0.0,0.1056
819,unknown,0,0.0,0.1612
820,unknown,0,0.0,0.2861
821,unknown,0,0.0,0.1804
822,unknown,0,0.0,0.2248
823,unknown,0,0.0,0.1377
824,unknown,0,0.0,0.1949
825,unknown,0,0.0,0.2348
826,unknown,0,0.0,0.2209
827,unknown,0,0.0,0.1573
828,unknown,0,0.0,0.2341
829,unknown,0,0.0,0.1786
830,unknown,0,0.0,0.1694
831,unknown,0,0.0,0.143
832,unknown,0,0.0,0.201
833,unknown,0,0.0,0.2225
834,unknown,0,0.0,0.1426
835,unknown,0,0.0,0.1737
836,unknown,0,0.0,0.1666
837,unknown,0,0.0,0.2085
838,unknown,0,0.0,0.178
839,unknown,0,0.0,0.1911
840,unknown,0,0.0,0.0783
841,unknown,0,0.0,0.1607
842,unknown,0,0.0,0.2239
843,unknown,0,0.0,0.203
844,unknown,0,0.0,0.3238
845,unknown,0,0.0,0.2066
846,unknown,0,0.0,0.2732
847,unknown,0,0.0,0.228
848,unknown,0,0.0,0.1472
849,unknown,0,0.0,0.1157
850,unknown,0,0.0,0.3265
851,unknown,0,0.0,0.2329
852,unknown,0,0.0,0.2519
853,unknown,0,0.0,0.2694
854,unknown,0,0.0,0.2661
855,unknown,0,0.0,0.1731
856,unknown,0,0.0,0.2435
857,unknown,0,0.0,0.118
858,unknown,0,0.0,0.362
859,unknown,0,0.0,0.262
860,unknown,0,0.0,0.2987
861,unknown,0,0.0,0.3033
862,unknown,0,0.0,0.2708
863,unknown,0,0.0,0.1604
864,unknown,0,0.0,0.2773
865,unknown,0,0.0,0.2872
866,unknown,0,0.0,0.1482
867,unknown,0,0.0,0.1469
868,unknown,0,0.0,0.2073
869,unknown,0,0.0,0.259
870,unknown,0,0.0,0.2362
871,unknown,0,0.0,0.3002
872,unknown,0,0.0,0.1635
873,unknown,0,0.0,0.2401
874,unknown,0,0.0,0.2144
875,unknown,0,0.0,0.3512
876,unknown,0,0.0,0.252
877,unknown,0,0.0,0.1618
878,unknown,0,0.0,0.1668
879,unknown,0,0.0,0.2027
880,unknown,0,0.0,0.1094
881,unknown,0,0.0,0.183
882,unknown,0,0.0,0.1799
883,unknown,0,0.0,0.2244
884,unknown,0,0.0,0.1751
885,unknown,0,0.0,0.0939
886,unknown,0,0.0,0.1538
887,unknown,0,0.0,0.2784
888,unknown,0,0.0,0.1612
889,unknown,0,0.0,0.2625
890,unknown,0,0.0,0.1368
891,unknown,0,0.0,0.1644
892,unknown,0,0.0,0.1485
893,unknown,0,0.0,0.2386
894,unknown,0,0.0,0.1813
895,unknown,0,0.0,0.194
896,unknown,0,0.0,0.1754
897,unknown,0,0.0,0.1866
898,unknown,0,0.0,0.2311
899,unknown,0,0.0,0.1617
